link,Valid,HTTP_Code,Length,
http://app.webinspector.com/recent_detections,2022-05-18 16:10:34,200,38054,
http://blocklist.greensnow.co/greensnow.txt,2022-05-18 16:10:34,200,67426,
http://botscout.com/last.htm,2022-05-18 16:10:35,200,42903,
http://botscout.com/last_caught_cache.htm,2022-05-18 16:10:35,200,30691,
http://charles.the-haleys.org/ssh_dico_attack_hdeny_format.php/hostsdeny.txt,2022-05-18 16:10:36,200,1183678,
http://cinsscore.com/list/ci-badguys.txt,2022-05-18 16:10:37,200,216517,
http://cybercrime-tracker.net/all.php,2022-05-18 16:10:37,200,876365,
http://cybercrime-tracker.net/ccam.php,2022-05-18 16:10:38,200,478832,
http://cybercrime-tracker.net/ccpmgate.php,2022-05-18 16:10:38,200,57176,
http://danger.rulez.sk/projects/bruteforceblocker/blist.php,2022-05-18 16:10:39,200,21450,
http://data.netlab.360.com/feeds/dga/dga.txt,2022-05-18 16:10:56,200,68840111,
http://data.netlab.360.com/feeds/mirai-scanner/scanner.list,2022-05-18 16:10:58,200,3297268,
http://data.phishtank.com/data/online-valid.csv,2022-05-18 16:10:59,200,1502368,
http://hosts-file.net/?s=Browse&f=2014,2022-05-18 16:11:02,200,228604,
http://labs.sucuri.net/?malware,2022-05-18 16:11:03,200,27648,
http://lists.blocklist.de/lists/all.txt,2022-05-18 16:11:03,200,291623,
http://openphish.com/feed.txt,2022-05-18 16:11:18,200,29462,
http://report.rutgers.edu/DROP/attackers,2022-05-18 16:11:21,200,34144,
http://reputation.alienvault.com/reputation.data,2022-05-18 16:11:21,200,42506,
http://rules.emergingthreats.net/blockrules/emerging-ciarmy.rules,2022-05-18 16:11:22,200,219703,
http://rules.emergingthreats.net/blockrules/emerging-compromised.rules,2022-05-18 16:11:22,200,29968,
http://rules.emergingthreats.net/fwrules/emerging-PF-CC.rules,2022-05-18 16:11:22,200,16638,
http://rules.emergingthreats.net/open/suricata/rules/botcc.rules,2022-05-18 16:11:22,200,22259,
http://rules.emergingthreats.net/open/suricata/rules/compromised-ips.txt,2022-05-18 16:11:22,200,6523,
http://sblam.com/blacklist.txt,2022-05-18 16:11:23,200,119331,
http://vmx.yourcmc.ru/BAD_HOSTS.IP4,2022-05-18 16:11:38,200,77434,
http://vxvault.net/URL_List.php,2022-05-18 16:11:38,200,6851,
http://vxvault.siri-urz.net/URL_List.php,2022-05-18 16:11:39,200,1942,
http://vxvault.siri-urz.net/ViriList.php,2022-05-18 16:11:39,200,1954,
http://www.blocklist.de/lists/apache.txt,2022-05-18 16:11:40,200,129464,
http://www.blocklist.de/lists/asterisk.txt,2022-05-18 16:11:40,200,1828,
http://www.blocklist.de/lists/bots.txt,2022-05-18 16:11:40,200,1961,
http://www.blocklist.de/lists/courierimap.txt,2022-05-18 16:11:40,200,42736,
http://www.blocklist.de/lists/courierpop3.txt,2022-05-18 16:11:40,200,42736,
http://www.blocklist.de/lists/email.txt,2022-05-18 16:11:40,200,158479,
http://www.blocklist.de/lists/imap.txt,2022-05-18 16:11:40,200,42736,
http://www.blocklist.de/lists/pop3.txt,2022-05-18 16:11:41,200,42736,
http://www.blocklist.de/lists/postfix.txt,2022-05-18 16:11:41,200,158479,
http://www.blocklist.de/lists/sip.txt,2022-05-18 16:11:41,200,1828,
http://www.blocklist.de/lists/ssh.txt,2022-05-18 16:11:41,200,111875,
http://www.botvrij.eu/data/ioclist.url,2022-05-18 16:11:41,200,13555,
http://www.ciarmy.com/list/ci-badguys.txt,2022-05-18 16:11:43,200,216517,
http://www.dshield.org/ipsascii.html?limit=10000,2022-05-18 16:11:45,200,471503,
http://www.joewein.net/dl/bl/dom-bl-base.txt,2022-05-18 16:11:46,200,1345915,
http://www.joewein.net/dl/bl/dom-bl.txt,2022-05-18 16:11:46,200,10135,
http://www.malware-traffic-analysis.net,2022-05-18 16:11:47,200,4079,
http://www.malwareblacklist.com/showAllMalwareURL.php?userName=Guest&sessionID=&downloadOption=0,2022-05-18 16:11:47,200,1924,
http://www.mirc.com/servers.ini,2022-05-18 16:11:49,200,9525,
http://www.projecthoneypot.org/list_of_ips.php,2022-05-18 16:11:52,200,36576,
http://www.spamhaus.org/drop/drop.txt,2022-05-18 16:11:52,200,26122,
http://www.spamhaus.org/drop/edrop.txt,2022-05-18 16:11:52,200,1901,
http://www.stopforumspam.com/downloads/listed_ip_1_all.zip,2022-05-18 16:11:53,200,82962,
http://www.stopforumspam.com/downloads/toxic_ip_cidr.txt,2022-05-18 16:11:54,200,752,
http://www.voipbl.org/update/,2022-05-18 16:11:55,200,340121,
https://atlas.arbor.net/summary/domainlist,2022-05-18 16:11:59,200,309079,
https://dataplane.org/sshclient.txt,2022-05-18 16:12:02,200,2303898,
https://dataplane.org/sshpwauth.txt,2022-05-18 16:12:05,200,1941000,
https://disconnect.me/lists/malvertising,2022-05-18 16:12:06,200,156598,
https://disconnect.me/lists/malwarefilter,2022-05-18 16:12:07,200,156598,
https://feodotracker.abuse.ch,2022-05-18 16:12:08,200,4512,
https://github.com/stamparm/maltrail/blob/master/trails/static/mass_scanner.txt,2022-05-18 16:12:09,200,2116629,
https://gitlab.com/ZeroDot1/CoinBlockerLists/blob/master/list.txt,2022-05-18 16:12:10,200,92024,
https://isc.sans.edu/feeds/daily_sources,2022-05-18 16:12:28,200,60258057,
https://isc.sans.edu/feeds/suspiciousdomains_High.txt,2022-05-18 16:12:28,200,567,
https://isc.sans.edu/feeds/suspiciousdomains_Low.txt,2022-05-18 16:12:29,200,569,
https://isc.sans.edu/feeds/suspiciousdomains_Medium.txt,2022-05-18 16:12:29,200,572,
https://isc.sans.edu/feeds/topips.txt,2022-05-18 16:12:29,200,2255,
https://isc.sans.edu/ipsascii.html,2022-05-18 16:12:30,200,5666,
https://malsilo.gitlab.io/feeds/dumps/url_list.txt,2022-05-18 16:12:32,200,37689,
https://myip.ms/files/blacklist/htaccess/latest_blacklist.txt,2022-05-18 16:12:34,200,16968,
https://paste.cryptolaemus.com/feed.xml,2022-05-18 16:12:37,200,8334085,
https://raw.githubusercontent.com/botherder/targetedthreats/master/targetedthreats.csv,2022-05-18 16:12:38,200,468327,
https://raw.githubusercontent.com/firehol/blocklist-ipsets/master/bitcoin_nodes_1d.ipset,2022-05-18 16:12:38,200,95340,
https://raw.githubusercontent.com/firehol/blocklist-ipsets/master/botscout_1d.ipset,2022-05-18 16:12:38,200,22877,
https://raw.githubusercontent.com/firehol/blocklist-ipsets/master/cruzit_web_attacks.ipset,2022-05-18 16:12:38,200,177111,
https://raw.githubusercontent.com/firehol/blocklist-ipsets/master/malwaredomainlist.ipset,2022-05-18 16:12:38,200,14836,
https://raw.githubusercontent.com/firehol/blocklist-ipsets/master/proxylists_1d.ipset,2022-05-18 16:12:39,200,72720,
https://raw.githubusercontent.com/firehol/blocklist-ipsets/master/proxyspy_1d.ipset,2022-05-18 16:12:39,200,4990,
https://raw.githubusercontent.com/firehol/blocklist-ipsets/master/socks_proxy_7d.ipset,2022-05-18 16:12:39,200,105562,
https://raw.githubusercontent.com/firehol/blocklist-ipsets/master/sslproxies_1d.ipset,2022-05-18 16:12:39,200,7030,
https://raw.githubusercontent.com/futpib/policeman-rulesets/master/examples/simple_domains_blacklist.txt,2022-05-18 16:12:40,200,528651,
https://rules.emergingthreats.net/open/suricata/rules/emerging-dns.rules,2022-05-18 16:12:40,200,30405,
https://secure.dshield.org/ipsascii.html?limit=1000,2022-05-18 16:12:42,200,49796,
https://sslbl.abuse.ch,2022-05-18 16:12:43,200,4596,
https://threatfeeds.io/,2022-05-18 16:13:43,200,45660,
https://urlhaus.abuse.ch/downloads/csv/,2022-05-18 16:14:14,200,3717255,
https://www.circl.lu/doc/misp/feed-osint/,2022-05-18 16:15:32,200,380617,
https://www.maxmind.com/en/anonymous_proxies,2022-05-18 16:15:34,200,74161,
https://www.maxmind.com/en/high-risk-ip-sample-list,2022-05-18 16:15:34,200,74161,
https://www.turris.cz/greylist-data/greylist-latest.csv,2022-05-18 16:16:37,200,644,
http://rules.emergingthreats.net/fwrules/emerging-Block-IPs.txt,2022-05-18 16:16:39,200,23950,
http://rules.emergingthreats.net/blockrules/compromised-ips.txt,2022-05-18 16:16:39,200,6523,
https://sslbl.abuse.ch/blacklist/sslipblacklist.csv,2022-05-18 16:16:39,200,2104,
https://reputation.alienvault.com/reputation.generic,2022-05-18 16:16:40,200,40171,
https://lists.blocklist.de/lists/all.txt,2022-05-18 16:17:01,200,291228,
http://www.darklist.de/raw.php,2022-05-18 16:17:02,200,76005,
https://openphish.com/feed.txt,2022-05-18 16:17:02,200,29462,
